{
  "net_gex": -3743334751.332814,
  "call_wall": 30345.361566864227,
  "put_wall": 29098.29191343145,
  "gamma_flip": 30178.511912486683,
  "gx_poc": 29721.82674014784,
  "gx_vah": 30221.75042702973,
  "gx_val": 29221.903053265953,
  "magnets": [
    [
      29513.981797909044,
      "Mag 710"
    ],
    [
      29929.671682386637,
      "Mag 720"
    ],
    [
      30137.516624625434,
      "Mag 725"
    ]
  ],
  "spot_nq": 29392.75,
  "asof": "2026-07-08 05:03 UTC"
}